class_acc,class_loss,loss,val_class_acc,val_class_loss,val_loss,val_xmax_loss,val_xmax_mae,val_xmin_loss,val_xmin_mae,val_ymax_loss,val_ymax_mae,val_ymin_loss,val_ymin_mae,xmax_loss,xmax_mae,xmin_loss,xmin_mae,ymax_loss,ymax_mae,ymin_loss,ymin_mae
0.28179824352264404,2.1379597187042236,2.7209272384643555,0.3370535671710968,1.918181300163269,2.2449448108673096,0.08352015167474747,0.24353983998298645,0.07185381650924683,0.22529828548431396,0.07750268280506134,0.21911786496639252,0.09388688951730728,0.27751263976097107,0.1627189666032791,0.3132990896701813,0.1332777440547943,0.29323598742485046,0.17219500243663788,0.32546675205230713,0.11477601528167725,0.26481756567955017
0.2763157784938812,2.1056320667266846,2.496272087097168,0.3660714328289032,1.9551631212234497,2.2797186374664307,0.07788395881652832,0.23099970817565918,0.061974864453077316,0.19738467037677765,0.09318084269762039,0.2760345935821533,0.09151605516672134,0.23209254443645477,0.10543166846036911,0.27110227942466736,0.09491419047117233,0.2573561370372772,0.10467346757650375,0.27221861481666565,0.08562088012695312,0.2411840707063675
0.25,2.1147069931030273,2.4997243881225586,0.3526785671710968,1.933612585067749,2.2120561599731445,0.061443984508514404,0.20130643248558044,0.05294656753540039,0.1857873946428299,0.08000027388334274,0.24275197088718414,0.0840529203414917,0.24437357485294342,0.09524836391210556,0.2572992146015167,0.09403922408819199,0.2552615702152252,0.10723701864480972,0.27856722474098206,0.08849292248487473,0.24688051640987396
0.2982456088066101,1.9879392385482788,2.3648111820220947,0.3325892984867096,1.8221982717514038,2.211956024169922,0.10732769221067429,0.29552552103996277,0.09169405698776245,0.2730301320552826,0.10110457986593246,0.2524295151233673,0.08963144570589066,0.26841577887535095,0.09602072834968567,0.2594528794288635,0.0870705246925354,0.24238120019435883,0.10780845582485199,0.26874515414237976,0.08597192168235779,0.2413552701473236
0.30537280440330505,1.9462186098098755,2.297985792160034,0.4151785671710968,1.611509919166565,1.8732990026474,0.060052480548620224,0.19542407989501953,0.05342510715126991,0.17440089583396912,0.06859417259693146,0.20822814106941223,0.0797172412276268,0.2538065016269684,0.08994702249765396,0.24871417880058289,0.08740576356649399,0.24588808417320251,0.09574846923351288,0.2630329728126526,0.07866599410772324,0.2272414267063141
0.3804824650287628,1.7477706670761108,2.0973689556121826,0.4084821343421936,1.4405022859573364,1.6983877420425415,0.07167371362447739,0.22955551743507385,0.06045103445649147,0.20510217547416687,0.06501424312591553,0.2204250544309616,0.06074627861380577,0.19719232618808746,0.08128245174884796,0.23074455559253693,0.08837699890136719,0.2415260672569275,0.09808491170406342,0.2602931261062622,0.08185367286205292,0.23288781940937042
0.4270833432674408,1.5557856559753418,1.8779804706573486,0.4799107015132904,1.3199018239974976,1.5335325002670288,0.0501636266708374,0.18441654741764069,0.05643165856599808,0.18915650248527527,0.05639394000172615,0.20356787741184235,0.05064144730567932,0.17184431850910187,0.0847996324300766,0.23627468943595886,0.08003713190555573,0.22570747137069702,0.08878308534622192,0.24635650217533112,0.06857544928789139,0.21495385468006134
0.49945175647735596,1.35360586643219,1.669703483581543,0.515625,1.2498503923416138,1.5130878686904907,0.0727318599820137,0.2220461219549179,0.04934098571538925,0.16700255870819092,0.07596989721059799,0.2433425933122635,0.0651947632431984,0.18782226741313934,0.08159930258989334,0.23337160050868988,0.08563578873872757,0.2356177568435669,0.08510258048772812,0.24025078117847443,0.06375983357429504,0.20411677658557892
0.5323464870452881,1.2375580072402954,1.5103216171264648,0.6116071343421936,1.0222759246826172,1.21487557888031,0.04557151347398758,0.16436614096164703,0.04684067890048027,0.1620541363954544,0.050336726009845734,0.1736786663532257,0.04985078051686287,0.1947302669286728,0.07480736076831818,0.21856458485126495,0.06528930366039276,0.20355989038944244,0.07366403192281723,0.22405141592025757,0.05900274217128754,0.19376958906650543
0.5953947305679321,1.0817912817001343,1.3400065898895264,0.6674107313156128,0.8344293236732483,1.0236963033676147,0.0493256151676178,0.18631872534751892,0.04981597512960434,0.1753380000591278,0.04827279597520828,0.1866830587387085,0.041852571070194244,0.1671227663755417,0.068513423204422,0.21443021297454834,0.06018600985407829,0.19467130303382874,0.0752638429403305,0.22616060078144073,0.054251812398433685,0.18666939437389374
0.6348684430122375,1.0057719945907593,1.2584338188171387,0.7254464030265808,0.7365843653678894,0.9585609436035156,0.05615983158349991,0.1931609958410263,0.045585278421640396,0.16367851197719574,0.06390687078237534,0.21529074013233185,0.056324541568756104,0.1752113550901413,0.06423339247703552,0.20673833787441254,0.06243439018726349,0.19624753296375275,0.07271093875169754,0.22055308520793915,0.053282998502254486,0.18496482074260712
0.6781798005104065,0.9091352224349976,1.1528496742248535,0.6919642686843872,0.8262888789176941,1.0017449855804443,0.04344740882515907,0.1642158478498459,0.046824924647808075,0.1616549789905548,0.04552387446165085,0.15853442251682281,0.039659906178712845,0.15437139570713043,0.06656238436698914,0.20756445825099945,0.06069887802004814,0.19505667686462402,0.06703906506299973,0.21189390122890472,0.04941396415233612,0.1774943619966507
0.6672149300575256,0.9149482846260071,1.1461858749389648,0.6875,0.7892265915870667,0.9599886536598206,0.049392007291316986,0.17691947519779205,0.03133178502321243,0.12009929120540619,0.05581754818558693,0.1979338675737381,0.034220777451992035,0.13753853738307953,0.06405732035636902,0.2047063410282135,0.055451106280088425,0.18338710069656372,0.06494644284248352,0.20722359418869019,0.046782638877630234,0.17404301464557648
0.6891447305679321,0.8394615054130554,1.0526609420776367,0.7366071343421936,0.6715145707130432,0.8222547769546509,0.04577719792723656,0.17929886281490326,0.0317658856511116,0.13616086542606354,0.04188022017478943,0.17343027889728546,0.03131682798266411,0.1308128982782364,0.05933087319135666,0.19321389496326447,0.04789802059531212,0.16739992797374725,0.061647117137908936,0.20138798654079437,0.04432341456413269,0.16666454076766968
0.7384868264198303,0.7077518701553345,0.9068374633789062,0.8325892686843872,0.4374701976776123,0.5885778069496155,0.04134773090481758,0.16221415996551514,0.025760134682059288,0.12039764970541,0.05475052446126938,0.20111528038978577,0.029249221086502075,0.13486167788505554,0.05325734242796898,0.18461698293685913,0.045489341020584106,0.1621255725622177,0.05800699070096016,0.19398705661296844,0.04233180359005928,0.16002017259597778
0.7478070259094238,0.7016816139221191,0.8988855481147766,0.7522321343421936,0.6102196574211121,0.784270703792572,0.04892925173044205,0.17847010493278503,0.030012205243110657,0.1357741355895996,0.06169362738728523,0.20383740961551666,0.03341599181294441,0.13692820072174072,0.05363893881440163,0.18008774518966675,0.04588988423347473,0.158338725566864,0.05774844437837601,0.19490918517112732,0.03992651402950287,0.15823335945606232
0.7735745906829834,0.6132120490074158,0.8121564388275146,0.8325892686843872,0.4483543038368225,0.5851937532424927,0.031991757452487946,0.14294655621051788,0.028140375390648842,0.11995076388120651,0.04259711503982544,0.170455202460289,0.034110140055418015,0.1305031031370163,0.05714908987283707,0.18354788422584534,0.045657917857170105,0.16135498881340027,0.057132232934236526,0.19026944041252136,0.039005205035209656,0.15396757423877716
0.7521929740905762,0.6914750933647156,0.8786728382110596,0.7388392686843872,0.6690467000007629,0.8261409401893616,0.05374031513929367,0.18155135214328766,0.032481081783771515,0.12699951231479645,0.03985842689871788,0.1672906130552292,0.031014427542686462,0.12708017230033875,0.052613530308008194,0.18003806471824646,0.04241647943854332,0.15547329187393188,0.05219054967164993,0.18448367714881897,0.039977263659238815,0.15772418677806854
0.7993420958518982,0.5782750248908997,0.7477939128875732,0.828125,0.4576599597930908,0.6002300977706909,0.043286360800266266,0.16933654248714447,0.03192838281393051,0.13363686203956604,0.03677098825573921,0.16050417721271515,0.03058445267379284,0.12898080050945282,0.047996390610933304,0.16664175689220428,0.03808526322245598,0.14453688263893127,0.04830228537321091,0.17478348314762115,0.03513487055897713,0.14464610815048218
0.8125,0.49325981736183167,0.6592749953269958,0.8794642686843872,0.359031617641449,0.48566746711730957,0.040020205080509186,0.15893472731113434,0.028580743819475174,0.12663474678993225,0.03421575948596001,0.151647686958313,0.023819146677851677,0.10927005857229233,0.043875738978385925,0.16284947097301483,0.03670361638069153,0.14346539974212646,0.05046544596552849,0.1774311512708664,0.034970298409461975,0.14380569756031036
0.844298243522644,0.4544951319694519,0.6151303052902222,0.90625,0.2936441898345947,0.4054056704044342,0.030209572985768318,0.1382521241903305,0.02762794867157936,0.12630155682563782,0.0324263758957386,0.14132055640220642,0.021497566252946854,0.09675920009613037,0.04400511085987091,0.1616123467683792,0.036488909274339676,0.14271041750907898,0.04756446182727814,0.17351360619068146,0.03257663547992706,0.13778382539749146
0.8470394611358643,0.4677589237689972,0.6340885758399963,0.8504464030265808,0.40445131063461304,0.5234904885292053,0.029285499826073647,0.12630681693553925,0.02667519450187683,0.1052359789609909,0.03190836310386658,0.13949592411518097,0.031170113012194633,0.12525662779808044,0.04667437821626663,0.16363820433616638,0.0374932698905468,0.1417435109615326,0.04887120798230171,0.17612165212631226,0.0332908034324646,0.14079192280769348
0.8503289222717285,0.42190614342689514,0.5843425989151001,0.8504464030265808,0.3839656412601471,0.5171850323677063,0.03372853249311447,0.154850572347641,0.034784819930791855,0.140274316072464,0.03891841694712639,0.16599974036216736,0.025787701830267906,0.10826504975557327,0.04587240889668465,0.16262774169445038,0.03693502023816109,0.14204055070877075,0.04705680161714554,0.1731768101453781,0.032572224736213684,0.13751833140850067
0.8547149300575256,0.4089197516441345,0.5643709897994995,0.8616071343421936,0.35842350125312805,0.4556864798069,0.02732449769973755,0.1268119364976883,0.02150547504425049,0.10416348278522491,0.024762943387031555,0.1254829466342926,0.02367006056010723,0.10522846132516861,0.04247869923710823,0.1576380431652069,0.03491339087486267,0.13775797188282013,0.044801030308008194,0.16646409034729004,0.033258214592933655,0.13948141038417816
0.8706140518188477,0.3831813633441925,0.5305280685424805,0.9352678656578064,0.22501684725284576,0.3249511420726776,0.032197654247283936,0.13878433406352997,0.022232210263609886,0.10981316864490509,0.02431950904428959,0.12258456647396088,0.021184947341680527,0.10109620541334152,0.040698178112506866,0.15264053642749786,0.02982681803405285,0.12928304076194763,0.044859759509563446,0.17007172107696533,0.031961970031261444,0.1348346769809723
0.8782894611358643,0.36800283193588257,0.513070285320282,0.9084821343421936,0.25950565934181213,0.35958367586135864,0.027693316340446472,0.12745024263858795,0.021626349538564682,0.11100955307483673,0.02683531679213047,0.12522321939468384,0.023923005908727646,0.1049889475107193,0.03795861825346947,0.14855749905109406,0.03182632103562355,0.12916870415210724,0.045025572180747986,0.16755913197994232,0.030256908386945724,0.13251753151416779
0.8793859481811523,0.33189743757247925,0.4771464169025421,0.8973214030265808,0.30861419439315796,0.40396425127983093,0.02447652444243431,0.12204968929290771,0.025757601484656334,0.11098679155111313,0.02785618044435978,0.1376313865184784,0.01725975051522255,0.0934162586927414,0.0390906035900116,0.14884857833385468,0.03253140673041344,0.1309201717376709,0.04310733079910278,0.16488555073738098,0.03051971271634102,0.13203926384449005
0.8925438523292542,0.3368328809738159,0.47700369358062744,0.9017857313156128,0.2876265347003937,0.3970518708229065,0.027182558551430702,0.12274657189846039,0.01996496319770813,0.09902418404817581,0.03510764613747597,0.15236929059028625,0.027170147746801376,0.11240293085575104,0.03830229863524437,0.1477425992488861,0.029301604256033897,0.1261010468006134,0.04252699762582779,0.16213339567184448,0.030040044337511063,0.1310562938451767
0.90625,0.27126818895339966,0.399028480052948,0.9263392686843872,0.1890603005886078,0.30393466353416443,0.03735258802771568,0.154364675283432,0.01852918602526188,0.10204177349805832,0.03364167734980583,0.14664147794246674,0.025350911542773247,0.11048845201730728,0.033419396728277206,0.13711336255073547,0.026311738416552544,0.1195705235004425,0.03963281214237213,0.1571652889251709,0.02839629538357258,0.12760049104690552
0.9100877046585083,0.2510208487510681,0.3862817883491516,0.9441964030265808,0.16083642840385437,0.2574354410171509,0.0226023830473423,0.11669504642486572,0.020227571949362755,0.1062236949801445,0.036823321133852005,0.15322162210941315,0.01694570854306221,0.09333886951208115,0.033028509467840195,0.13603578507900238,0.027417734265327454,0.12079444527626038,0.04370451346039772,0.16472125053405762,0.031110186129808426,0.13197723031044006
0.9144737124443054,0.2486698478460312,0.3787320554256439,0.9330357313156128,0.16647398471832275,0.2559417188167572,0.026789529249072075,0.12469201534986496,0.019245048984885216,0.10142602771520615,0.026079606264829636,0.12660785019397736,0.017353536561131477,0.08874790370464325,0.034846335649490356,0.14092260599136353,0.031013816595077515,0.128973126411438,0.037984881550073624,0.1540582925081253,0.026217127218842506,0.12204627692699432
0.9254385828971863,0.23153062164783478,0.35671526193618774,0.9508928656578064,0.14996840059757233,0.24311497807502747,0.022666234523057938,0.1101437658071518,0.016915258020162582,0.09260518848896027,0.027776148170232773,0.13481613993644714,0.025788942351937294,0.10854442417621613,0.03368450701236725,0.1348702758550644,0.026794789358973503,0.12075389921665192,0.03911207988858223,0.15594960749149323,0.025593282654881477,0.12071431428194046
0.9287280440330505,0.2030530869960785,0.3275347054004669,0.9397321343421936,0.18872211873531342,0.297142893075943,0.030858930200338364,0.12818698585033417,0.023256709799170494,0.09910601377487183,0.02699403092265129,0.13210344314575195,0.02731109969317913,0.11290997266769409,0.03338653966784477,0.13866539299488068,0.02618079073727131,0.11916867643594742,0.037511419504880905,0.1540825515985489,0.02740277536213398,0.12439673393964767
0.9331140518188477,0.2248370349407196,0.34250831604003906,0.953125,0.1163688525557518,0.1997801959514618,0.02713516168296337,0.12476833909749985,0.014992811717092991,0.08142448216676712,0.02165243960916996,0.1152808666229248,0.0196309145539999,0.093084916472435,0.03248576819896698,0.13434822857379913,0.024078255519270897,0.11411246657371521,0.035316914319992065,0.1476915329694748,0.025790296494960785,0.12125290185213089
0.936951756477356,0.19410519301891327,0.3105736970901489,0.9754464030265808,0.0832105204463005,0.16359888017177582,0.016851184889674187,0.09330908209085464,0.01407694909721613,0.08013901859521866,0.027416294440627098,0.13205285370349884,0.02204391360282898,0.09957907348871231,0.029313288629055023,0.1280442327260971,0.023714246228337288,0.11354392766952515,0.03767276555299759,0.15256758034229279,0.025768199935555458,0.12144157290458679
0.9506579041481018,0.13165158033370972,0.24630668759346008,0.9642857313156128,0.09010600298643112,0.1629801243543625,0.017937755212187767,0.0996372252702713,0.01273067481815815,0.0833456739783287,0.023783031851053238,0.11980193853378296,0.018422672525048256,0.09118194133043289,0.02895181067287922,0.1284603774547577,0.025825511664152145,0.11883747577667236,0.035240236669778824,0.14810052514076233,0.024637548252940178,0.1182079166173935
0.9396929740905762,0.16426725685596466,0.28305545449256897,0.9598214030265808,0.11149309575557709,0.18587110936641693,0.020502367988228798,0.10443929582834244,0.012247197329998016,0.07552718371152878,0.02202087640762329,0.11775720864534378,0.01960757188498974,0.09560687094926834,0.03264123946428299,0.1345086544752121,0.026254750788211823,0.11775169521570206,0.03610359877347946,0.15071381628513336,0.023788627237081528,0.11687827855348587
0.952850878238678,0.15549015998840332,0.27349504828453064,0.9754464030265808,0.08146540075540543,0.15945908427238464,0.022493405267596245,0.10778788477182388,0.01446002908051014,0.08590315282344818,0.020923729985952377,0.1090671643614769,0.02011650986969471,0.0932411402463913,0.03061526082456112,0.13070432841777802,0.023609062656760216,0.1123356893658638,0.037498410791158676,0.15065284073352814,0.02628217823803425,0.1191851869225502
0.9457237124443054,0.16475975513458252,0.27836447954177856,0.9486607313156128,0.17866110801696777,0.26887112855911255,0.029905345290899277,0.12797991931438446,0.014420539140701294,0.08470166474580765,0.028738034889101982,0.13380305469036102,0.01714608259499073,0.09478320181369781,0.030319826677441597,0.13211266696453094,0.02447071485221386,0.11456124484539032,0.034486088901758194,0.14531926810741425,0.024328066036105156,0.11528197675943375
0.9506579041481018,0.13825960457324982,0.24672511219978333,0.9754464030265808,0.0811798945069313,0.15381336212158203,0.02089765854179859,0.10476207733154297,0.013349427841603756,0.08111737668514252,0.02482803538441658,0.12765656411647797,0.0135583421215415,0.08254967629909515,0.026421938091516495,0.1230982095003128,0.023351171985268593,0.11236470192670822,0.0351739227771759,0.14668264985084534,0.023518431931734085,0.11380822956562042
0.9610745906829834,0.12314774841070175,0.23430509865283966,0.96875,0.09411086142063141,0.17639458179473877,0.01739024557173252,0.09728085994720459,0.01719074323773384,0.08919655531644821,0.02422487735748291,0.12511126697063446,0.02347785234451294,0.09927355498075485,0.028482578694820404,0.1271025687456131,0.026187317445874214,0.11958292126655579,0.03392159566283226,0.14487363398075104,0.022565843537449837,0.11294364184141159
0.9462719559669495,0.15598134696483612,0.2677105665206909,0.9709821343421936,0.09935065358877182,0.17411622405052185,0.017947111278772354,0.10462599247694016,0.018475906923413277,0.09822592884302139,0.022052377462387085,0.11559819430112839,0.016290176659822464,0.08337826281785965,0.029597584158182144,0.1278613954782486,0.025156226009130478,0.11449781060218811,0.033724140375852585,0.14224639534950256,0.023251282051205635,0.1133161336183548
0.9643640518188477,0.10902562737464905,0.21482017636299133,0.9464285969734192,0.1365908533334732,0.21995100378990173,0.022978922352194786,0.11412371695041656,0.013933749869465828,0.08032267540693283,0.02653578296303749,0.13172969222068787,0.019911667332053185,0.09952210634946823,0.026197994127869606,0.12324723601341248,0.02089533396065235,0.10699846595525742,0.035271961241960526,0.1467617005109787,0.023429229855537415,0.11428403854370117
0.9550438523292542,0.1260576844215393,0.22784048318862915,0.9508928656578064,0.12492892891168594,0.2039545476436615,0.026634525507688522,0.12612436711788177,0.015340789221227169,0.08945668488740921,0.019801774993538857,0.11105455458164215,0.01724853552877903,0.09088116884231567,0.025873351842164993,0.12117646634578705,0.02179408073425293,0.10839221626520157,0.032281965017318726,0.14251962304115295,0.021833395585417747,0.10947093367576599
0.9698464870452881,0.08546414971351624,0.18680204451084137,0.9888392686843872,0.05517979711294174,0.12456365674734116,0.019170347601175308,0.10238344967365265,0.010538524948060513,0.07287845760583878,0.022524086758494377,0.11882877349853516,0.017150912433862686,0.0885651558637619,0.02581879124045372,0.11983327567577362,0.021657412871718407,0.10831698775291443,0.03152991086244583,0.13831423223018646,0.022331809625029564,0.11037955433130264
0.9698464870452881,0.08568204939365387,0.18506291508674622,0.9910714030265808,0.026355663314461708,0.0895390436053276,0.01779247634112835,0.10147815942764282,0.011954983696341515,0.08138800412416458,0.018689196556806564,0.10733702033758163,0.01474672369658947,0.08092106878757477,0.02475239895284176,0.11877361685037613,0.020680218935012817,0.10493203997612,0.0312048327177763,0.13812975585460663,0.02274337410926819,0.1109030619263649
0.9561403393745422,0.1301281899213791,0.23302622139453888,0.9709821343421936,0.07870437204837799,0.15373682975769043,0.022364070639014244,0.11084377020597458,0.015881342813372612,0.08972790092229843,0.02024378441274166,0.11245041340589523,0.01654324121773243,0.08859510719776154,0.02563740871846676,0.12108532339334488,0.021162711083889008,0.10706048458814621,0.03428399935364723,0.14511217176914215,0.021813901141285896,0.11068064719438553
0.9725877046585083,0.0815344974398613,0.1818614900112152,0.96875,0.0945860743522644,0.1721131056547165,0.019877219572663307,0.10646369308233261,0.01711033470928669,0.08400577306747437,0.021685395389795303,0.11842787265777588,0.018854090943932533,0.0996948629617691,0.025101276114583015,0.11868927627801895,0.020686887204647064,0.10588447749614716,0.03229966387152672,0.13867026567459106,0.02223917469382286,0.11110523343086243
0.9736841917037964,0.07621104270219803,0.168199822306633,0.9933035969734192,0.021218085661530495,0.08717072755098343,0.018611090257763863,0.09714534133672714,0.01015349943190813,0.06937462091445923,0.021236618980765343,0.11412804573774338,0.015951428562402725,0.08787383884191513,0.022120868787169456,0.11338717490434647,0.01881347969174385,0.10044968873262405,0.029566418379545212,0.1335783302783966,0.021487997844815254,0.10777294635772705
0.9742324352264404,0.07926631718873978,0.17408423125743866,0.9776785969734192,0.04933536425232887,0.1199883446097374,0.016946252435445786,0.09949338436126709,0.013396866619586945,0.08276212960481644,0.025467325001955032,0.1310102790594101,0.014842537231743336,0.08626832813024521,0.022790785878896713,0.11544199287891388,0.018411869183182716,0.09901364892721176,0.031031841412186623,0.13638344407081604,0.022583400830626488,0.11191334575414658
0.9753289222717285,0.06868492811918259,0.16200610995292664,0.9732142686843872,0.0664372593164444,0.13008074462413788,0.018945081159472466,0.0959063395857811,0.011892800219357014,0.07070115953683853,0.017918584868311882,0.10088109225034714,0.014887024648487568,0.08399848639965057,0.02177327685058117,0.11199977993965149,0.019784003496170044,0.10406915843486786,0.03162604942917824,0.1382787972688675,0.020137878134846687,0.104530468583107
0.96875,0.11578339338302612,0.21129289269447327,0.9419642686843872,0.20732133090496063,0.30247244238853455,0.025994883850216866,0.12900036573410034,0.016309835016727448,0.09448844194412231,0.03268802538514137,0.15038058161735535,0.02015838958323002,0.10461394488811493,0.02321004681289196,0.1155436635017395,0.021124256774783134,0.10523796826601028,0.03006838634610176,0.13605563342571259,0.02110680565237999,0.10894706100225449
0.9506579041481018,0.1499439924955368,0.2559051513671875,0.9642857313156128,0.0935385599732399,0.15535546839237213,0.016519377008080482,0.09342195838689804,0.01150315348058939,0.07417430728673935,0.019560443237423897,0.10227272659540176,0.014233933761715889,0.08198530972003937,0.0257079117000103,0.1196875050663948,0.02246823161840439,0.11073943227529526,0.033634357154369354,0.14244385063648224,0.02415071241557598,0.11522460728883743
0.969298243522644,0.090486079454422,0.18356025218963623,0.9888392686843872,0.033965565264225006,0.09032245725393295,0.016233088448643684,0.0938124880194664,0.008220961317420006,0.062050726264715195,0.016814054921269417,0.09764892607927322,0.015088783577084541,0.08387788385152817,0.022266538813710213,0.112969309091568,0.018046220764517784,0.10021734237670898,0.03231261670589447,0.14084620773792267,0.02044880948960781,0.10660267621278763
0.9862938523292542,0.04426947236061096,0.12900376319885254,0.9933035969734192,0.01797693967819214,0.07331333309412003,0.013149432837963104,0.08374784886837006,0.00922002550214529,0.07014317065477371,0.01859147474169731,0.1058889776468277,0.014375457540154457,0.07862099260091782,0.020355798304080963,0.10697139799594879,0.016789905726909637,0.09656642377376556,0.027480021119117737,0.12800414860248566,0.020108580589294434,0.10367719829082489
0.9906798005104065,0.03790408372879028,0.12203648686408997,0.984375,0.03589468076825142,0.09034734219312668,0.016068551689386368,0.0941416397690773,0.01004894357174635,0.07355838268995285,0.015457584522664547,0.09235705435276031,0.012877581641077995,0.08017604053020477,0.020465200766921043,0.10699237138032913,0.017652053385972977,0.09730789065361023,0.026968253776431084,0.12793192267417908,0.01904689148068428,0.10196910798549652
0.9819079041481018,0.05299776792526245,0.13488875329494476,0.9910714030265808,0.041580114513635635,0.10568861663341522,0.017113646492362022,0.0987236350774765,0.016084197908639908,0.09612603485584259,0.01683647185564041,0.10376832634210587,0.014074184000492096,0.08110751956701279,0.019425874575972557,0.1041003167629242,0.01662380062043667,0.09423889964818954,0.026538485661149025,0.12548817694187164,0.01930280588567257,0.1037873774766922
0.9714912176132202,0.08299516141414642,0.17168350517749786,0.9888392686843872,0.025512294843792915,0.07488713413476944,0.01434177253395319,0.08501049131155014,0.007943782024085522,0.0642007514834404,0.014780146069824696,0.09198208898305893,0.01230913121253252,0.07697471231222153,0.022141966968774796,0.11208079755306244,0.01892748661339283,0.10142746567726135,0.02742469683289528,0.12839122116565704,0.020194223150610924,0.10499689728021622
0.9753289222717285,0.073403500020504,0.1580396294593811,0.96875,0.09991931915283203,0.1685175746679306,0.017425354570150375,0.10140811651945114,0.013774837367236614,0.08372713625431061,0.022522026672959328,0.11524049192667007,0.014876024797558784,0.08936905860900879,0.021658269688487053,0.11047737300395966,0.017239456996321678,0.09701620787382126,0.02752121537923813,0.12849001586437225,0.01821723021566868,0.10052483528852463
0.9638158082962036,0.10910933464765549,0.20141096413135529,0.9933035969734192,0.019132528454065323,0.078696608543396,0.011828514747321606,0.0807633176445961,0.009884380735456944,0.06947604566812515,0.0230515468865633,0.12396810948848724,0.014799633994698524,0.08086185157299042,0.022644707933068275,0.11505212634801865,0.01825118064880371,0.09970605373382568,0.03065379522740841,0.1352437138557434,0.02075197547674179,0.1079816147685051
0.9819079041481018,0.061893120408058167,0.14517833292484283,0.9955357313156128,0.021611925214529037,0.07650639861822128,0.0160603579133749,0.09207799285650253,0.012870104983448982,0.07851766049861908,0.013867989182472229,0.08724458515644073,0.012096023187041283,0.07634761184453964,0.020170586183667183,0.10631399601697922,0.0165996253490448,0.09601587802171707,0.027730070054531097,0.1294631063938141,0.018784912303090096,0.10155198723077774
0.984649121761322,0.050769418478012085,0.13161487877368927,0.9933035969734192,0.02291775867342949,0.07832770049571991,0.012813982553780079,0.0812261775135994,0.011217223480343819,0.07109386473894119,0.016384096816182137,0.10124313086271286,0.014994637109339237,0.08281155675649643,0.01809658482670784,0.1022806167602539,0.01576751098036766,0.09335435926914215,0.02783622406423092,0.13003502786159515,0.01914513297379017,0.10350143909454346
0.9851973652839661,0.049406059086322784,0.13091517984867096,0.9955357313156128,0.015868425369262695,0.07013403624296188,0.014944802038371563,0.0900798812508583,0.0076605346985161304,0.06189236044883728,0.016227852553129196,0.09475541859865189,0.015432425774633884,0.08407722413539886,0.019599605351686478,0.10529374331235886,0.016523076221346855,0.09425896406173706,0.02683643251657486,0.1263805627822876,0.01855001039803028,0.09966570883989334
0.9742324352264404,0.08630505949258804,0.1652040034532547,0.9642857313156128,0.07626248896121979,0.1395212709903717,0.019207729026675224,0.09804780781269073,0.010999863035976887,0.06890736520290375,0.015982987359166145,0.09940262883901596,0.017068207263946533,0.08743934333324432,0.019136864691972733,0.10238079726696014,0.015025993809103966,0.08940710872411728,0.02538086287677288,0.12325692921876907,0.01935523934662342,0.1032787561416626
0.9791666865348816,0.06672486662864685,0.1483403891324997,0.984375,0.051302529871463776,0.10518704354763031,0.01350183505564928,0.08841223269701004,0.010304851457476616,0.07249387353658676,0.01757531426846981,0.10528969019651413,0.012502508237957954,0.07476134598255157,0.019700970500707626,0.10547446459531784,0.016357965767383575,0.0942254513502121,0.02599787712097168,0.1253449022769928,0.01955869235098362,0.10338712483644485
0.9912280440330505,0.029379848390817642,0.10803245007991791,0.9910714030265808,0.017615964636206627,0.07191509008407593,0.014115371741354465,0.08598243445158005,0.009825149551033974,0.0679677352309227,0.017687087878584862,0.10498472303152084,0.012671513482928276,0.07429568469524384,0.018719114363193512,0.10205550491809845,0.015171094797551632,0.09162591397762299,0.02602635696530342,0.12345124036073685,0.018736036494374275,0.10064248740673065
0.9906798005104065,0.03036058507859707,0.10878200083971024,0.9933035969734192,0.01940646395087242,0.06686432659626007,0.011215263977646828,0.08035708963871002,0.008882380090653896,0.07125918567180634,0.014096156693994999,0.09214127063751221,0.013264060020446777,0.07747942209243774,0.01716366410255432,0.099403515458107,0.016416087746620178,0.09555497765541077,0.026373758912086487,0.12603476643562317,0.018467916175723076,0.10166135430335999
0.9939693212509155,0.02369443140923977,0.09735680371522903,0.9955357313156128,0.01175603922456503,0.061375003308057785,0.014567974023520947,0.08955782651901245,0.008480493910610676,0.06495435535907745,0.014417829923331738,0.09434552490711212,0.012152666226029396,0.07533732801675797,0.018246427178382874,0.10340678691864014,0.015107264742255211,0.09111785143613815,0.023744959384202957,0.11916214972734451,0.016563694924116135,0.09527549892663956
0.9791666865348816,0.057663753628730774,0.13078071177005768,0.9866071343421936,0.07493163645267487,0.12319760024547577,0.013284968212246895,0.08609642833471298,0.00928015261888504,0.06993477791547775,0.014328197576105595,0.09360808879137039,0.01137264259159565,0.0764860063791275,0.01757424883544445,0.10032819956541061,0.015474003739655018,0.09083787351846695,0.023381145671010017,0.11868876218795776,0.016687551513314247,0.09501715004444122
0.9665570259094238,0.11598354578018188,0.2018810361623764,0.9799107313156128,0.06245061010122299,0.11076917499303818,0.012069440446794033,0.07899434864521027,0.008969863876700401,0.065617635846138,0.014451037161052227,0.09011109173297882,0.012828223407268524,0.07679320126771927,0.01997559145092964,0.10561440885066986,0.019618500024080276,0.09810861200094223,0.026499751955270767,0.12649750709533691,0.019803635776042938,0.10510694235563278
0.9797149300575256,0.059706903994083405,0.139324352145195,0.9866071343421936,0.030290428549051285,0.08552680164575577,0.014658200554549694,0.09051190316677094,0.01041150651872158,0.07271218299865723,0.01769132725894451,0.10608694702386856,0.01247534342110157,0.07802396267652512,0.017462383955717087,0.09797629714012146,0.01760612428188324,0.09589500725269318,0.026103537529706955,0.12472954392433167,0.018445417284965515,0.10039711743593216
0.9698464870452881,0.10033362358808517,0.18537791073322296,0.9955357313156128,0.022325459867715836,0.0782070904970169,0.015568727627396584,0.09391265362501144,0.011101691983640194,0.07186201959848404,0.015843013301491737,0.09489593654870987,0.013368199579417706,0.08015857636928558,0.019217470660805702,0.1048479974269867,0.018451357260346413,0.09850569069385529,0.027377193793654442,0.129614919424057,0.019998272880911827,0.10547308623790741
0.9884868264198303,0.037676576524972916,0.11712034791707993,0.9955357313156128,0.014926948584616184,0.06309222429990768,0.010637344792485237,0.07320868223905563,0.007091942708939314,0.06070629507303238,0.017427025362849236,0.1046525090932846,0.0130089670419693,0.0787181630730629,0.018713371828198433,0.10266073793172836,0.017349926754832268,0.09639520943164825,0.0258544459939003,0.12129270285367966,0.017526041716337204,0.09694156050682068
0.9978070259094238,0.010272057726979256,0.07448433339595795,0.9977678656578064,0.005227240268141031,0.040377527475357056,0.008983923122286797,0.06775738298892975,0.006076692137867212,0.05647537484765053,0.011604450643062592,0.07903889566659927,0.008485222235321999,0.06045689806342125,0.015037578530609608,0.09111323952674866,0.010984871536493301,0.07865524291992188,0.021033955737948418,0.11064685881137848,0.017155863344669342,0.09488087147474289
0.9983552694320679,0.006785272620618343,0.06890632957220078,0.9977678656578064,0.004345201421529055,0.03953128308057785,0.01086152158677578,0.07458208501338959,0.005932907108217478,0.05643027275800705,0.010321333073079586,0.07528629153966904,0.008070318959653378,0.05953323096036911,0.014417489059269428,0.08954125642776489,0.011855678632855415,0.07984006404876709,0.021204635500907898,0.11231829226016998,0.014643244445323944,0.08927632123231888
0.9983552694320679,0.0063265226781368256,0.06586300581693649,1.0,0.00139143958222121,0.03239857405424118,0.0076958113349974155,0.06642132997512817,0.004872519988566637,0.05139114335179329,0.010220788419246674,0.07734302431344986,0.008218014612793922,0.05909695848822594,0.013303520157933235,0.08584924042224884,0.011531343683600426,0.0797627866268158,0.02026176266372204,0.10797686874866486,0.014439871534705162,0.08785968273878098
0.9972587823867798,0.009162976406514645,0.06588838994503021,0.9955357313156128,0.008477458730340004,0.03914576396346092,0.008945505134761333,0.0698980912566185,0.004820337053388357,0.05013300105929375,0.009649762883782387,0.07637754827737808,0.007252698298543692,0.062383878976106644,0.012759001925587654,0.0855868011713028,0.010771151632070541,0.07813435047864914,0.01933233067393303,0.10680057853460312,0.013862919062376022,0.08677948266267776
0.9978070259094238,0.00910862348973751,0.067801333963871,1.0,0.0005725948140025139,0.03584490343928337,0.010236434638500214,0.07488112151622772,0.00668733986094594,0.06096765026450157,0.00990589614957571,0.07581771910190582,0.008442642167210579,0.06705009192228317,0.013437367975711823,0.08787539601325989,0.011888197623193264,0.08115066587924957,0.01901239901781082,0.10823151469230652,0.014354756101965904,0.0891018733382225
0.9978070259094238,0.005772407632321119,0.055664289742708206,0.9977678656578064,0.004018405918031931,0.03405715525150299,0.00796388927847147,0.06575005501508713,0.004752617795020342,0.048283565789461136,0.00939261820167303,0.07525746524333954,0.007929625920951366,0.06341870129108429,0.011599498800933361,0.08263050019741058,0.009978840127587318,0.07504519820213318,0.01623714342713356,0.09858450293540955,0.012076405808329582,0.08042097091674805
0.9972587823867798,0.006208455190062523,0.05930764228105545,0.9977678656578064,0.004384765867143869,0.032989852130413055,0.007178056053817272,0.061356332153081894,0.004422779660671949,0.04738195613026619,0.009329630061984062,0.07188595086336136,0.007674621883779764,0.05901486426591873,0.012414002791047096,0.0846252366900444,0.010511180385947227,0.07605007290840149,0.017370589077472687,0.10045481473207474,0.012803412042558193,0.0828014686703682
0.9989035129547119,0.0049812463112175465,0.05554434657096863,0.9977678656578064,0.003482143161818385,0.032648857682943344,0.005903524346649647,0.05509885773062706,0.004949631635099649,0.052822135388851166,0.011217383667826653,0.08307774364948273,0.007096174638718367,0.058235056698322296,0.011843767948448658,0.08299697935581207,0.010527829639613628,0.07736163586378098,0.016410352662205696,0.0996289774775505,0.011781152337789536,0.08012901246547699
0.9989035129547119,0.0035753019619733095,0.05269577354192734,0.9977678656578064,0.005743518006056547,0.03392203897237778,0.006596103310585022,0.060381803661584854,0.004016947466880083,0.0452997125685215,0.010525815188884735,0.0785929337143898,0.007039654068648815,0.05910591408610344,0.011378340423107147,0.08076929301023483,0.010070486925542355,0.07479149848222733,0.015269010327756405,0.09546033293008804,0.012402641586959362,0.0819830670952797
0.9978070259094238,0.00665542995557189,0.055606644600629807,0.9955357313156128,0.014584475196897984,0.04321932792663574,0.006764520891010761,0.05915405973792076,0.003900980344042182,0.0422641895711422,0.009897741489112377,0.07353871315717697,0.008071611635386944,0.06371183693408966,0.01187076885253191,0.08277079463005066,0.00941435620188713,0.07352592051029205,0.01511410903185606,0.0946137085556984,0.012551975436508656,0.08206290006637573
0.9989035129547119,0.0033494429662823677,0.04747113585472107,0.9977678656578064,0.0034779799170792103,0.031453464180231094,0.007197290658950806,0.06250740587711334,0.0042508384212851524,0.0483773909509182,0.008594999089837074,0.06838477402925491,0.007932355627417564,0.06340625137090683,0.009692938067018986,0.07512656599283218,0.008165242150425911,0.06821393221616745,0.014853246510028839,0.09432920813560486,0.011410264298319817,0.07871422171592712
0.9967105388641357,0.010652552358806133,0.056660495698451996,0.9955357313156128,0.007629684172570705,0.04997285455465317,0.010853959247469902,0.07667022943496704,0.005056291818618774,0.05088767781853676,0.01702641136944294,0.09793395549058914,0.00940651260316372,0.06858276575803757,0.010244340635836124,0.07615380734205246,0.00879453681409359,0.06976106017827988,0.015267986804246902,0.09479831159114838,0.011701082810759544,0.08099278807640076
0.9440789222717285,0.21240165829658508,0.30026975274086,0.9308035969734192,0.24420829117298126,0.32822421193122864,0.02184724621474743,0.10995202511548996,0.026106545701622963,0.10387852042913437,0.022180793806910515,0.11222104728221893,0.013881376013159752,0.07750370353460312,0.02263353019952774,0.11246073991060257,0.019230028614401817,0.10075615346431732,0.026667846366763115,0.12513308227062225,0.019336676225066185,0.10164117813110352
0.9205043911933899,0.22402608394622803,0.3203142285346985,0.9642857313156128,0.11151235550642014,0.17505256831645966,0.015908142551779747,0.09263034909963608,0.011337087489664555,0.07185281068086624,0.020304027944803238,0.10744983702898026,0.015990952029824257,0.0922522321343422,0.024552591145038605,0.11556125432252884,0.021548666059970856,0.10507199168205261,0.02850816212594509,0.13213412463665009,0.021678773686289787,0.1093059778213501
0.9616228342056274,0.1143907904624939,0.19584870338439941,0.9732142686843872,0.08305495977401733,0.1504291296005249,0.017768021672964096,0.10089641064405441,0.009554101154208183,0.06934545934200287,0.022617816925048828,0.11335070431232452,0.01743423007428646,0.09546035528182983,0.020883167162537575,0.10556494444608688,0.01775720715522766,0.09751832485198975,0.024193866178393364,0.11990029364824295,0.018623679876327515,0.10167768597602844
0.9764254093170166,0.08389781415462494,0.16053275763988495,0.9910714030265808,0.02577376551926136,0.07066222280263901,0.012073514983057976,0.0836191400885582,0.007667217403650284,0.06087392568588257,0.013123275712132454,0.08660973608493805,0.012024455703794956,0.07971320301294327,0.019016152247786522,0.10328317433595657,0.01496399287134409,0.08977688103914261,0.025102557614445686,0.12264589965343475,0.017552224919199944,0.0976041853427887
0.9873903393745422,0.04432740435004234,0.11240116506814957,0.9955357313156128,0.01854921691119671,0.06519727408885956,0.010902323760092258,0.07663703709840775,0.007739470340311527,0.06294043362140656,0.017209451645612717,0.1022447720170021,0.0107968058437109,0.07573967427015305,0.016185620799660683,0.09679552912712097,0.012656507082283497,0.08384069055318832,0.02239765226840973,0.11437547206878662,0.01683398149907589,0.09557598829269409
0.9917762875556946,0.03260905295610428,0.09291841834783554,0.9888392686843872,0.09222786128520966,0.14016273617744446,0.01281385961920023,0.08229794353246689,0.007040821947157383,0.0613592155277729,0.013101786375045776,0.0891723558306694,0.01497841626405716,0.08060964196920395,0.013940769247710705,0.08914276957511902,0.01279230136424303,0.0835019126534462,0.020340600982308388,0.10960198193788528,0.013235706835985184,0.08602941781282425
0.9923245906829834,0.03577714040875435,0.09765554219484329,0.9977678656578064,0.007330639753490686,0.04426027089357376,0.008589045144617558,0.06972160190343857,0.006741131655871868,0.05823047086596489,0.011946519836783409,0.08745334297418594,0.009652935899794102,0.07228157669305801,0.014450056478381157,0.08859609812498093,0.012137748301029205,0.08202926814556122,0.020351693034172058,0.10985618084669113,0.014938905835151672,0.08859706670045853
0.9961622953414917,0.014217174611985683,0.07302140444517136,0.9933035969734192,0.01721826381981373,0.053673144429922104,0.00829553697258234,0.06545215845108032,0.005271237343549728,0.04985147714614868,0.012504960410296917,0.08719728142023087,0.010383143089711666,0.07286025583744049,0.013343043625354767,0.08688049763441086,0.01182000432163477,0.08110284060239792,0.0188544150441885,0.10504582524299622,0.01478677336126566,0.08897665143013
0.9857456088066101,0.06113089621067047,0.12429575622081757,0.9955357313156128,0.018184984102845192,0.06170601397752762,0.010899865999817848,0.07679025083780289,0.006261584348976612,0.056668248027563095,0.016198547556996346,0.1031380370259285,0.01016103196889162,0.0705910176038742,0.014633141458034515,0.09017366915941238,0.013798953033983707,0.08409799635410309,0.019760318100452423,0.10750134289264679,0.014972436241805553,0.088942751288414
0.9791666865348816,0.05089862272143364,0.11396317929029465,0.9977678656578064,0.008337217383086681,0.04894591495394707,0.011336058378219604,0.0816018208861351,0.007442716509103775,0.06393860280513763,0.012425864115357399,0.08074592053890228,0.009404060430824757,0.06823655217885971,0.013224243186414242,0.08715130388736725,0.012457135133445263,0.08190681785345078,0.02122427150607109,0.11116636544466019,0.01615891605615616,0.09363144636154175
0.9934210777282715,0.024839485064148903,0.08355315029621124,0.9933035969734192,0.02178298868238926,0.06181563809514046,0.009830526076257229,0.07443561404943466,0.005093436222523451,0.053335778415203094,0.014583391137421131,0.09088264405727386,0.010525299236178398,0.07046212255954742,0.013072608038783073,0.08731026202440262,0.01282414235174656,0.08414909243583679,0.019176023080945015,0.10624270886182785,0.013640905730426311,0.08613333106040955
0.9972587823867798,0.008821648545563221,0.06277180463075638,0.9977678656578064,0.006117865908890963,0.039718952029943466,0.007445831783115864,0.06238827109336853,0.005219896789640188,0.05192650482058525,0.011556963436305523,0.0794387012720108,0.00937839038670063,0.06910687685012817,0.012450536713004112,0.08264055103063583,0.01033907849341631,0.07603338360786438,0.01759018562734127,0.10164807736873627,0.013570352457463741,0.0846605971455574
0.9972587823867798,0.008106298744678497,0.058049701154232025,0.9933035969734192,0.012864040210843086,0.040079910308122635,0.0058838664554059505,0.05454811453819275,0.0043639326468110085,0.04448898881673813,0.009473921731114388,0.06835532188415527,0.007494144607335329,0.06085618957877159,0.011598864570260048,0.08151951432228088,0.0095818554982543,0.07321824878454208,0.015775660052895546,0.09569495916366577,0.012987018562853336,0.08458617329597473
0.9983552694320679,0.004365186672657728,0.048472896218299866,0.9955357313156128,0.016179222613573074,0.04449531063437462,0.007023667450994253,0.06015235185623169,0.0039070844650268555,0.04538680985569954,0.009001926518976688,0.0673249214887619,0.008383406326174736,0.062134768813848495,0.010229641571640968,0.0754094123840332,0.008280718699097633,0.06794143468141556,0.014550321735441685,0.09287767857313156,0.011047028005123138,0.07749021798372269
0.9978070259094238,0.0060976832173764706,0.050167158246040344,1.0,0.00033073360100388527,0.022622855380177498,0.004714012145996094,0.05033872649073601,0.004456215538084507,0.04976196214556694,0.0069450996816158295,0.0652320608496666,0.006176794413477182,0.054085396230220795,0.009370869025588036,0.07374720275402069,0.008046077564358711,0.06713829189538956,0.014747127890586853,0.09275849163532257,0.011905401013791561,0.0804954543709755
0.9972587823867798,0.012028280645608902,0.0604335255920887,1.0,0.0009988191304728389,0.027816493064165115,0.006402347702533007,0.05800400301814079,0.0033977183047682047,0.04162245988845825,0.010100716724991798,0.0723574087023735,0.006916893180459738,0.05728062987327576,0.011098758317530155,0.07742775231599808,0.010551185347139835,0.07510074228048325,0.015514450147747993,0.09611499309539795,0.011240850202739239,0.07705115526914597
0.9983552694320679,0.008146139793097973,0.05252769961953163,0.9933035969734192,0.020112236961722374,0.04508811980485916,0.005027104634791613,0.051459021866321564,0.003359131747856736,0.04123501107096672,0.009354501962661743,0.06929422914981842,0.007235144264996052,0.058402739465236664,0.010048641823232174,0.07547998428344727,0.008711280301213264,0.0692797601222992,0.014814181253314018,0.0937286764383316,0.010807451792061329,0.07643256336450577
0.999451756477356,0.0029293433763086796,0.04422648251056671,0.9977678656578064,0.004939228296279907,0.02728440798819065,0.005605924874544144,0.055850863456726074,0.003180449130013585,0.04062285274267197,0.007420248817652464,0.06433070451021194,0.006138553377240896,0.05486699938774109,0.009634044021368027,0.07316478341817856,0.008183435536921024,0.06891430914402008,0.013128598220646381,0.08805404603481293,0.010351063683629036,0.0758761540055275
0.9978070259094238,0.006234590895473957,0.043328288942575455,0.9977678656578064,0.0060285222716629505,0.026039404794573784,0.004304664209485054,0.04752059653401375,0.0028215397614985704,0.03905653581023216,0.007744004484266043,0.06829485297203064,0.005140671040862799,0.052156899124383926,0.008898788131773472,0.06825005263090134,0.00714507419615984,0.06192325800657272,0.011889966204762459,0.08450081199407578,0.009159873239696026,0.07175345718860626
0.9989035129547119,0.005553061608225107,0.04383086413145065,1.0,0.00018198332691099495,0.017937636002898216,0.004572414793074131,0.05080496147274971,0.0029851743020117283,0.041532039642333984,0.005675302352756262,0.058851130306720734,0.004522761795669794,0.049076441675424576,0.00889318622648716,0.07122239470481873,0.007425245828926563,0.06430196017026901,0.012492134235799313,0.08660530298948288,0.009467232041060925,0.07070427387952805
0.9989035129547119,0.0031406348571181297,0.03880208358168602,1.0,0.00018751491734292358,0.017984990030527115,0.0038038266357034445,0.04457151144742966,0.00247296248562634,0.03723888844251633,0.006394769065082073,0.05770369991660118,0.005125918425619602,0.05303976312279701,0.008556709624826908,0.06968238204717636,0.007304854691028595,0.06478304415941238,0.011334641836583614,0.08233288675546646,0.00846523605287075,0.06887807697057724
1.0,0.0010367539944127202,0.03425600752234459,0.9977678656578064,0.0031314280349761248,0.02211850881576538,0.004651702009141445,0.051710862666368484,0.0029433195013552904,0.039979662746191025,0.006872331257909536,0.0619775764644146,0.0045197270810604095,0.04861000180244446,0.0074934144504368305,0.06568971276283264,0.006780076306313276,0.062001779675483704,0.01106303185224533,0.08112888783216476,0.007882721722126007,0.06644478440284729
0.9989035129547119,0.0035393848083913326,0.03861540928483009,1.0,0.0012487167259678245,0.0178228709846735,0.0035245397593826056,0.045204516500234604,0.0031204652041196823,0.0424174964427948,0.004979257006198168,0.055072419345378876,0.004949892871081829,0.05126640573143959,0.008200433105230331,0.06895963847637177,0.006967961322516203,0.06338624656200409,0.010932101868093014,0.0811065286397934,0.008975524455308914,0.07073581218719482
0.999451756477356,0.0017195133259519935,0.03475954756140709,1.0,0.00023137593234423548,0.0149835254997015,0.002729014027863741,0.03876122087240219,0.0022622011601924896,0.03644344583153725,0.0058441124856472015,0.05644742399454117,0.003916820045560598,0.046870965510606766,0.007676159031689167,0.0663333311676979,0.006646996829658747,0.061448834836483,0.010741337202489376,0.08001052588224411,0.007975537329912186,0.06620712578296661
1.0,0.001740451087243855,0.0328088216483593,0.9977678656578064,0.002033099066466093,0.015994619578123093,0.003094511805102229,0.04208534210920334,0.001962998416274786,0.03329160064458847,0.004873552359640598,0.052960656583309174,0.0040304576978087425,0.04832100868225098,0.007522641681134701,0.06622156500816345,0.006570843979716301,0.06034007668495178,0.009518565610051155,0.07522103935480118,0.00745631568133831,0.06519569456577301
0.999451756477356,0.0023312296252697706,0.03411711007356644,1.0,0.00022721021377947181,0.015407578088343143,0.0028789606876671314,0.040809303522109985,0.0018561346223577857,0.032507866621017456,0.006081514526158571,0.06166801601648331,0.004363758489489555,0.050468701869249344,0.007095004431903362,0.06345230340957642,0.00663378881290555,0.06181343272328377,0.010064187459647655,0.07783553004264832,0.007992897182703018,0.06669063866138458
0.999451756477356,0.002666418207809329,0.033833034336566925,0.9977678656578064,0.0022865631617605686,0.018026143312454224,0.0030334077309817076,0.043437059968709946,0.002571824239566922,0.03692266717553139,0.005357344634830952,0.055851150304079056,0.004777004476636648,0.04855361208319664,0.007476015016436577,0.06499248743057251,0.006398795638233423,0.06086991727352142,0.009607585147023201,0.07589276880025864,0.007684227079153061,0.06599318236112595
0.9989035129547119,0.002265928778797388,0.0332099087536335,0.9977678656578064,0.0036035520024597645,0.014771735295653343,0.0025809791404753923,0.03792133927345276,0.0016656691441312432,0.03091740608215332,0.0034168013371527195,0.0461282916367054,0.003504734020680189,0.042384080588817596,0.0072972895577549934,0.0666092187166214,0.006654674652963877,0.06260237097740173,0.009348203428089619,0.0755762904882431,0.007643807679414749,0.06635866314172745
1.0,0.0012525888159871101,0.029758570715785027,0.9977678656578064,0.0030710624996572733,0.01567721739411354,0.0031622168608009815,0.044059041887521744,0.0018982253968715668,0.03290574997663498,0.004109801724553108,0.050132155418395996,0.0034359097480773926,0.04302277788519859,0.0069013251923024654,0.06180787831544876,0.005607161670923233,0.05694473162293434,0.008812024258077145,0.07283695787191391,0.007185471244156361,0.06257335841655731
0.999451756477356,0.005162662360817194,0.03438352420926094,0.9977678656578064,0.0026277569122612476,0.015872793272137642,0.0030533059034496546,0.04296889901161194,0.001870726584456861,0.034261029213666916,0.0040102326311171055,0.050363652408123016,0.0043107690289616585,0.04645097628235817,0.0066375453025102615,0.06255258619785309,0.0058831567876040936,0.058531202375888824,0.009468063712120056,0.07449713349342346,0.007232099771499634,0.06304933875799179
0.999451756477356,0.0024641030468046665,0.03144577145576477,1.0,9.520402818452567e-05,0.011638149619102478,0.0024398656096309423,0.03881111368536949,0.001797785283997655,0.03212343528866768,0.00422178627923131,0.050578732043504715,0.003083509160205722,0.04178767651319504,0.006945449393242598,0.06380758434534073,0.0061856042593717575,0.06014736369252205,0.008882593363523483,0.07400161027908325,0.006968015804886818,0.06366436928510666
0.999451756477356,0.0011928364401683211,0.027809135615825653,1.0,0.0011928377207368612,0.01324724592268467,0.003262199927121401,0.0449366495013237,0.0017289557727053761,0.031863983720541,0.0038356762379407883,0.0496453158557415,0.0032275773119181395,0.042615026235580444,0.006242402363568544,0.06095283851027489,0.005571581888943911,0.05663111433386803,0.008166959509253502,0.0711054801940918,0.006635356694459915,0.06185299530625343
0.999451756477356,0.001556829665787518,0.02848784625530243,1.0,0.00040116836316883564,0.011086002923548222,0.0029314986895769835,0.04118499532341957,0.0015998446615412831,0.030351324006915092,0.0034980601631104946,0.046701546758413315,0.0026554311625659466,0.039868541061878204,0.006598935928195715,0.06206163018941879,0.005827481392771006,0.05792723596096039,0.008132653310894966,0.07103607058525085,0.0063719479367136955,0.06107683107256889
0.999451756477356,0.001106379204429686,0.025474458932876587,0.9977678656578064,0.0027726925909519196,0.013933190144598484,0.002755703404545784,0.0415518544614315,0.0020145736634731293,0.033303502947092056,0.003779656020924449,0.04608047753572464,0.0026105649303644896,0.038422759622335434,0.006043168716132641,0.05938805639743805,0.004716887604445219,0.05330440402030945,0.007605611812323332,0.06758569926023483,0.0060024140402674675,0.05896737426519394
1.0,0.0008208559011109173,0.026062026619911194,1.0,0.0013735383981838822,0.011076055467128754,0.0022320447023957968,0.03621315956115723,0.0017293276032432914,0.03195097669959068,0.003274304326623678,0.04339207336306572,0.0024668399710208178,0.038452114909887314,0.005970885511487722,0.05947955325245857,0.00506639527156949,0.05460237339138985,0.00816415250301361,0.06932249665260315,0.006039738655090332,0.058565933257341385
0.9989035129547119,0.0017776626627892256,0.025500718504190445,0.9977678656578064,0.0018048456404358149,0.012585768476128578,0.0025358025450259447,0.03974461928009987,0.0019920102786272764,0.03418102115392685,0.0032554552890360355,0.04410133138298988,0.0029976554214954376,0.04094236344099045,0.005386159289628267,0.056916795670986176,0.005187507718801498,0.055399008095264435,0.007330252788960934,0.06697206944227219,0.005819130688905716,0.05825547128915787
0.999451756477356,0.0017254422418773174,0.02772653102874756,1.0,0.00014189018111210316,0.009834018535912037,0.001959070563316345,0.03466952592134476,0.001354995183646679,0.028250668197870255,0.003612997243180871,0.046094875782728195,0.0027650657575577497,0.03948039561510086,0.006445045582950115,0.06179961562156677,0.005178402177989483,0.05544766038656235,0.007891150191426277,0.06828099489212036,0.0064864917658269405,0.06095752865076065
0.999451756477356,0.0012735428754240274,0.025795213878154755,0.9977678656578064,0.004317185841500759,0.015405467711389065,0.002320956438779831,0.0372287891805172,0.0024600904434919357,0.03556050732731819,0.003895609872415662,0.047213803976774216,0.0024116262793540955,0.03806297108530998,0.006090882699936628,0.06023438274860382,0.005242160987108946,0.05561238154768944,0.0072074877098202705,0.0669594407081604,0.0059811328537762165,0.059392306953668594
0.999451756477356,0.0017022824613377452,0.025496654212474823,1.0,0.0004464869271032512,0.009129849262535572,0.002296848688274622,0.03655356541275978,0.0012012757360935211,0.0266056340187788,0.0027574028354138136,0.04194622486829758,0.002427833853289485,0.03718532249331474,0.005946374963968992,0.060528725385665894,0.005018800031393766,0.05437057837843895,0.006874615326523781,0.06562275439500809,0.005954583641141653,0.058571480214595795
1.0,0.0006233549793250859,0.024295970797538757,1.0,6.248576391953975e-05,0.009283973835408688,0.001904951175674796,0.03488791361451149,0.0016870942199602723,0.031911879777908325,0.002939237980172038,0.0413377583026886,0.0026902048848569393,0.03945025056600571,0.0058991448022425175,0.05899990722537041,0.0047785434871912,0.05376909673213959,0.0072425310499966145,0.0678538829088211,0.005752395838499069,0.05765979737043381
0.999451756477356,0.0009140203474089503,0.023861847817897797,1.0,0.0006080053863115609,0.009207626804709435,0.001844569924287498,0.032644130289554596,0.0014131321804597974,0.02830398641526699,0.0029071602039039135,0.04089163616299629,0.0024347591679543257,0.0371319055557251,0.005634571425616741,0.0565742552280426,0.005109493620693684,0.05499807000160217,0.006827173754572868,0.06368482112884521,0.005376587156206369,0.055899493396282196
0.999451756477356,0.0020548352040350437,0.026743484660983086,0.9977678656578064,0.0024475238751620054,0.011653744615614414,0.00229456415399909,0.03690777346491814,0.0013800973538309336,0.02790253981947899,0.0030917716212570667,0.04347915202379227,0.0024397876113653183,0.0362207256257534,0.0062541780062019825,0.06056983768939972,0.0051716528832912445,0.05461535230278969,0.007729950360953808,0.06915123760700226,0.005532872397452593,0.05626561492681503
0.999451756477356,0.0013950207503512502,0.026741812005639076,0.9977678656578064,0.0049779219552874565,0.014974723570048809,0.0022595005575567484,0.03578413277864456,0.0016205277061089873,0.03144044801592827,0.003555447328835726,0.04291582852602005,0.0025613270699977875,0.037951912730932236,0.005899075418710709,0.059360288083553314,0.00505358912050724,0.05519669130444527,0.007569510024040937,0.06790588051080704,0.006824620068073273,0.060922566801309586
0.999451756477356,0.0009274318581447005,0.02317790687084198,1.0,0.00047661803546361625,0.010010250844061375,0.0019837867002934217,0.03413849323987961,0.0012159717734903097,0.025914305821061134,0.003706863848492503,0.04589344933629036,0.0026270109228789806,0.03914327546954155,0.0051486436277627945,0.05600744113326073,0.004658903926610947,0.05276307836174965,0.006973797455430031,0.06593835353851318,0.005469126161187887,0.056100912392139435
0.999451756477356,0.0016847805818542838,0.025511642917990685,0.9977678656578064,0.007568881846964359,0.02066233567893505,0.002933122217655182,0.04122312739491463,0.001817969954572618,0.03268534317612648,0.004880055319517851,0.053113751113414764,0.003462304128333926,0.042624332010746,0.005904254037886858,0.05921967700123787,0.004916064441204071,0.05423139035701752,0.007296739611774683,0.06625761091709137,0.005709802731871605,0.05734569951891899
0.8552631735801697,0.5458089113235474,0.6509541869163513,0.8816964030265808,0.3875837028026581,0.5083159804344177,0.028932511806488037,0.13078756630420685,0.03569595143198967,0.13395102322101593,0.030254442244768143,0.13020528852939606,0.025849374011158943,0.11802299320697784,0.02681043930351734,0.11773529648780823,0.027259986847639084,0.1154927983880043,0.03048636205494404,0.13056759536266327,0.020588615909218788,0.10669045895338058
0.9046052694320679,0.3248080909252167,0.4382034242153168,0.9308035969734192,0.22731511294841766,0.29680612683296204,0.015521341934800148,0.08991917222738266,0.013887884095311165,0.07884114235639572,0.019645363092422485,0.10744591057300568,0.020436424762010574,0.09643121063709259,0.028561435639858246,0.12426573783159256,0.02670678310096264,0.11719689518213272,0.03309106454253197,0.13823984563350677,0.025035936385393143,0.11754252016544342
0.938048243522644,0.18599390983581543,0.2709115743637085,0.9799107313156128,0.064937062561512,0.1161608025431633,0.010181891731917858,0.07702380418777466,0.01271292008459568,0.07827915996313095,0.0163241159170866,0.09736553579568863,0.01200481690466404,0.07997802644968033,0.02076556533575058,0.10468225926160812,0.01816558837890625,0.09602707624435425,0.02596360072493553,0.12321300059556961,0.020022891461849213,0.10464182496070862
0.9791666865348816,0.0672682523727417,0.12940366566181183,0.9933035969734192,0.026356805115938187,0.06793686002492905,0.009113275445997715,0.07322192937135696,0.006185196340084076,0.054592233151197433,0.014454902149736881,0.09115424007177353,0.011826685629785061,0.07969974726438522,0.014965646900236607,0.09069012105464935,0.013018345460295677,0.08397837728261948,0.019801633432507515,0.10755184292793274,0.014349810779094696,0.08674362301826477
0.9714912176132202,0.0822281688451767,0.14861707389354706,0.9620535969734192,0.10605450719594955,0.14699792861938477,0.00922475103288889,0.07059755176305771,0.00805598683655262,0.06117017939686775,0.0133814113214612,0.0867186114192009,0.010281265713274479,0.07385911792516708,0.016736598685383797,0.09533564746379852,0.013392890803515911,0.08484546095132828,0.01996827870607376,0.10837528854608536,0.016291171312332153,0.09093968570232391
0.9824561476707458,0.06109768897294998,0.12031178176403046,0.9933035969734192,0.03140939399600029,0.06203148141503334,0.006313384976238012,0.055650267750024796,0.00532792042940855,0.04968275874853134,0.011185088194906712,0.07708511501550674,0.0077956924214959145,0.05860813707113266,0.012857760302722454,0.08378615975379944,0.013284395448863506,0.08146483451128006,0.01905195415019989,0.10481113195419312,0.014019998721778393,0.08719269931316376
0.9890350699424744,0.0373273603618145,0.09327239543199539,0.9955357313156128,0.019088832661509514,0.05519019812345505,0.009067037142813206,0.0707748606801033,0.006605844479054213,0.05603174492716789,0.01151302456855774,0.08126560598611832,0.008915458805859089,0.06930020451545715,0.013220601715147495,0.086265429854393,0.0119554428383708,0.07964150607585907,0.017016032710671425,0.09997235983610153,0.013752972707152367,0.08581773936748505
0.9950658082962036,0.017575060948729515,0.0664188340306282,0.9977678656578064,0.009327685460448265,0.03404329717159271,0.0054796189069747925,0.054232679307460785,0.0037927168887108564,0.04335832595825195,0.007900150492787361,0.06603875011205673,0.007543123327195644,0.060849759727716446,0.010823741555213928,0.07871336489915848,0.010052233003079891,0.07442771643400192,0.015343710780143738,0.09424395114183426,0.012624075636267662,0.0819576233625412
0.9989035129547119,0.008495762012898922,0.04766353964805603,1.0,0.0017417388735339046,0.02283056639134884,0.004529780242592096,0.05075440555810928,0.003574551548808813,0.043519508093595505,0.008102458901703358,0.06489113718271255,0.00488203763961792,0.04981032758951187,0.00833034049719572,0.06940858066082001,0.007935241796076298,0.06625597178936005,0.0125105706974864,0.08627834916114807,0.01039162464439869,0.07533877342939377
1.0,0.002062456915155053,0.03832128271460533,1.0,0.0014980004634708166,0.01835903525352478,0.004372980911284685,0.046960700303316116,0.003338013542816043,0.043279942125082016,0.005256454925984144,0.05510180443525314,0.0038935851771384478,0.044235710054636,0.007913582026958466,0.06716980040073395,0.007327075116336346,0.06377286463975906,0.011889200657606125,0.08346863836050034,0.009128962643444538,0.07077419012784958
0.9972587823867798,0.006577489897608757,0.041543006896972656,1.0,0.000354716059518978,0.015982503071427345,0.00376116787083447,0.04703192785382271,0.002296732272952795,0.034929897636175156,0.006134869065135717,0.05555180087685585,0.0034350156784057617,0.04345676302909851,0.008194916881620884,0.06875313818454742,0.007372467312961817,0.06416468322277069,0.01056330744177103,0.07873628288507462,0.008834832347929478,0.06955776363611221
0.9901315569877625,0.03309985622763634,0.07570721954107285,0.9955357313156128,0.02461984194815159,0.05234204977750778,0.007600361946970224,0.05727371945977211,0.004536435008049011,0.047469284385442734,0.008840701542794704,0.06787003576755524,0.006744708400219679,0.05639607459306717,0.010343610309064388,0.07493320107460022,0.010434473864734173,0.07129166275262833,0.012199648655951023,0.08575494587421417,0.009629619307816029,0.07364103943109512
0.9956140518188477,0.023058243095874786,0.06438775360584259,0.9955357313156128,0.012023531831800938,0.03393888473510742,0.006030331831425428,0.055397916585206985,0.004340554587543011,0.044614456593990326,0.005946088582277298,0.05883985757827759,0.0055983783677220345,0.05479414388537407,0.01008622720837593,0.07428640127182007,0.009051831439137459,0.06854988634586334,0.012253710068762302,0.08567031472921371,0.009937731549143791,0.0734672099351883
0.9928728342056274,0.024866200983524323,0.061635572463274,0.9977678656578064,0.00690863374620676,0.027723044157028198,0.0038465538527816534,0.04723237082362175,0.003846497740596533,0.045101284980773926,0.0061480700969696045,0.061493851244449615,0.006973289884626865,0.062315795570611954,0.008332799188792706,0.06853421777486801,0.00926537998020649,0.06745420396327972,0.010843142867088318,0.08014799654483795,0.00832805410027504,0.0678715780377388
0.9928728342056274,0.016405411064624786,0.05310454219579697,0.9910714030265808,0.02458879165351391,0.052477460354566574,0.007385967765003443,0.0591653510928154,0.005769341718405485,0.05086845904588699,0.0075490898452699184,0.06720004975795746,0.007184269838035107,0.05410761386156082,0.008413181640207767,0.0691944882273674,0.007670773193240166,0.06550876796245575,0.011440476402640343,0.08152952045202255,0.009174707345664501,0.07073849439620972
0.9857456088066101,0.05771220102906227,0.10663545876741409,0.9888392686843872,0.0244037676602602,0.05739184096455574,0.007791686803102493,0.06292177736759186,0.006904096808284521,0.05865762382745743,0.010784871876239777,0.07752884924411774,0.007507414557039738,0.06087283045053482,0.011169727891683578,0.07813071459531784,0.01074504666030407,0.0761164054274559,0.015301256440579891,0.0951504111289978,0.011707237921655178,0.08081230521202087
0.9873903393745422,0.05049610510468483,0.10272607952356339,0.9933035969734192,0.014309386722743511,0.045314762741327286,0.007045891135931015,0.060100771486759186,0.00619070278480649,0.055281005799770355,0.009898657910525799,0.07349079847335815,0.007870124652981758,0.05997150391340256,0.01153123565018177,0.0784674808382988,0.011407103389501572,0.07631052285432816,0.016603311523795128,0.09854649007320404,0.01268833503127098,0.0829576626420021
0.9769737124443054,0.07639069110155106,0.13087035715579987,0.9553571343421936,0.12780006229877472,0.16264493763446808,0.008647607639431953,0.06697197258472443,0.005951462779194117,0.053879447281360626,0.01160074770450592,0.07992337644100189,0.00864505022764206,0.06369281560182571,0.01289444137364626,0.08518984168767929,0.011520515196025372,0.07968243956565857,0.016978325322270393,0.09922649711370468,0.013086361810564995,0.08270177990198135
0.9780701994895935,0.07171712815761566,0.12409171462059021,0.9910714030265808,0.022822989150881767,0.05216839537024498,0.006738633848726749,0.0608784481883049,0.004920878913253546,0.048829127103090286,0.010468087159097195,0.07890411466360092,0.007217806298285723,0.06486178934574127,0.013201804831624031,0.0828251913189888,0.010665268637239933,0.07579565793275833,0.01591302827000618,0.09683657437562943,0.012594464235007763,0.0821421891450882
0.9939693212509155,0.02151944302022457,0.06282448023557663,0.9977678656578064,0.004351361654698849,0.02575896680355072,0.006318837404251099,0.05902763083577156,0.004626198206096888,0.05022778734564781,0.005639589857310057,0.05779131129384041,0.004822983406484127,0.04841763898730278,0.009767123498022556,0.07284548133611679,0.00841784942895174,0.06802523136138916,0.012744912877678871,0.08597015589475632,0.010375138372182846,0.07374878227710724
0.999451756477356,0.004490982741117477,0.04196702688932419,0.9977678656578064,0.001956846797838807,0.019545627757906914,0.003816458862274885,0.04620638117194176,0.0028899344615638256,0.03975233808159828,0.006460203323513269,0.0618661567568779,0.004422185942530632,0.048281628638505936,0.00845547765493393,0.06930027902126312,0.007901490665972233,0.06707680970430374,0.011373672634363174,0.0819634422659874,0.009745409712195396,0.07173658907413483
1.0,0.0015768178272992373,0.03415944427251816,0.9977678656578064,0.004457035567611456,0.022194210439920425,0.004198996815830469,0.045586783438920975,0.0026224125176668167,0.037451278418302536,0.006386027671396732,0.05865469202399254,0.004529736470431089,0.0486033633351326,0.008075433783233166,0.06639330834150314,0.006558440625667572,0.06046082079410553,0.00951220653951168,0.07497894018888474,0.008436545729637146,0.06756266951560974
0.999451756477356,0.0026235273107886314,0.03222412243485451,0.9977678656578064,0.002813477534800768,0.017635637894272804,0.0034735205117613077,0.04284774512052536,0.0021898355334997177,0.035742584615945816,0.005221046507358551,0.055081557482481,0.003937757574021816,0.04693857580423355,0.0066682458855211735,0.06325238943099976,0.006398311350494623,0.060745351016521454,0.009216793812811375,0.07319687306880951,0.007317241281270981,0.0629451796412468
0.9989035129547119,0.005050924140959978,0.033013585954904556,0.9977678656578064,0.005042680073529482,0.01850423589348793,0.002989360364153981,0.04110699146986008,0.002073730109259486,0.03546954318881035,0.004287312272936106,0.05022676661610603,0.004111155401915312,0.047935400158166885,0.00677305506542325,0.06186923384666443,0.005750348325818777,0.05737218260765076,0.008526037447154522,0.07245928794145584,0.006913220044225454,0.0626966804265976
0.999451756477356,0.0022803600877523422,0.027758758515119553,1.0,0.00017489344463683665,0.011456002481281757,0.002424795413389802,0.037051644176244736,0.0020423231180757284,0.03465532138943672,0.00401489669457078,0.04717274382710457,0.002799093723297119,0.039526063948869705,0.005977763794362545,0.05912709981203079,0.005221791565418243,0.05398179590702057,0.008045629598200321,0.06890195608139038,0.006233213469386101,0.05880317464470863
0.999451756477356,0.0013887363020330667,0.027476787567138672,1.0,0.0015119124436751008,0.012674651108682156,0.0023541098926216364,0.03514132276177406,0.001752352574840188,0.031590647995471954,0.0042948336340487,0.051270898431539536,0.0027614424470812082,0.03921724110841751,0.006167497020214796,0.0591868981719017,0.005428582429885864,0.05657948553562164,0.008189117535948753,0.07041031122207642,0.006302854977548122,0.060160331428050995
0.999451756477356,0.0013592378236353397,0.02523687295615673,1.0,0.0015593261923640966,0.011495222337543964,0.0026956743095070124,0.04021627455949783,0.0020504079293459654,0.033507030457258224,0.003107407595962286,0.042826272547245026,0.0020824053790420294,0.03489311411976814,0.005495781544595957,0.05671755596995354,0.004829401150345802,0.05327897146344185,0.007453231140971184,0.06716982275247574,0.006099222227931023,0.05908970162272453
1.0,0.001012930879369378,0.024419507011771202,1.0,0.0010421941988170147,0.010951114818453789,0.00232536974363029,0.0361269935965538,0.0013387637445703149,0.027252623811364174,0.003908410668373108,0.047614727169275284,0.0023363770451396704,0.03794972971081734,0.005306946579366922,0.05616719275712967,0.004760921001434326,0.05271732434630394,0.006953616626560688,0.064540334045887,0.006385093554854393,0.059318773448467255
0.999451756477356,0.001306505291722715,0.02310866303741932,1.0,0.00046401028521358967,0.009866680018603802,0.002346920082345605,0.03804885596036911,0.0014162299921736121,0.0284903384745121,0.0033757139462977648,0.04353899136185646,0.0022638067603111267,0.03583294525742531,0.005432519130408764,0.05587015300989151,0.004543011542409658,0.05097021535038948,0.006673807743936777,0.06377669423818588,0.0051528229378163815,0.054869767278432846
0.999451756477356,0.0010855619329959154,0.023001080378890038,1.0,0.00012418837286531925,0.008988817222416401,0.0018455262761563063,0.03325004130601883,0.0015693948371335864,0.03066815249621868,0.0030203182250261307,0.04248213395476341,0.002429389161989093,0.036978304386138916,0.005311783403158188,0.05661838501691818,0.0045768022537231445,0.052266404032707214,0.006471255328506231,0.06268656998872757,0.005555685143917799,0.05612156540155411
0.999451756477356,0.0010465916711837053,0.023111876100301743,1.0,0.00010598208609735593,0.011695749126374722,0.002560460940003395,0.03861343115568161,0.001880056457594037,0.03476942330598831,0.0038266482297331095,0.04758193716406822,0.0033226001542061567,0.04318371042609215,0.0054272739216685295,0.05558326840400696,0.0044931950978934765,0.05232255533337593,0.0068787094205617905,0.06495685130357742,0.005266108550131321,0.05373163893818855
1.0,0.0004036982427351177,0.021449346095323563,1.0,0.0004541988600976765,0.009309753775596619,0.002112102461978793,0.034676577895879745,0.0013824381167069077,0.028248844668269157,0.0032463448587805033,0.04379655048251152,0.0021146689541637897,0.033991508185863495,0.005054187029600143,0.05498368665575981,0.004314241465181112,0.0510140135884285,0.006603747606277466,0.062682144343853,0.0050734709948301315,0.05457312613725662
1.0,0.00046253533218987286,0.020988568663597107,1.0,0.00033363178954459727,0.010374053381383419,0.0023523312993347645,0.03621605783700943,0.0014501569094136357,0.028909970074892044,0.0038518845103681087,0.0474441722035408,0.0023860489018261433,0.03817828372120857,0.0051525309681892395,0.054959844797849655,0.004609475377947092,0.05223305895924568,0.005968752782791853,0.06019854173064232,0.004795278888195753,0.0529572032392025
1.0,0.00047535260091535747,0.0204137172549963,1.0,0.00031912786653265357,0.00770542910322547,0.0018090655794367194,0.032967377454042435,0.0011557851685211062,0.025349752977490425,0.0025616392958909273,0.03909873217344284,0.0018598121823742986,0.03382628411054611,0.004819177091121674,0.053997255861759186,0.004305401351302862,0.049938611686229706,0.00597127852961421,0.05996425822377205,0.004842508118599653,0.05292253568768501
1.0,0.0003261704696342349,0.019959818571805954,1.0,0.00035580681287683547,0.009368590079247952,0.0020875800400972366,0.03551981598138809,0.0013611826580017805,0.02839023806154728,0.002918114885687828,0.0435369536280632,0.002645904663950205,0.038348060101270676,0.004709944594651461,0.053276047110557556,0.004140640143305063,0.049727365374565125,0.005994906648993492,0.06097273528575897,0.004788154270499945,0.05268552526831627
1.0,0.0004511539009399712,0.019612068310379982,1.0,0.00018895075481850654,0.008657501079142094,0.001944056828506291,0.03279298171401024,0.0012312188046053052,0.026823339983820915,0.0028437920846045017,0.04117996245622635,0.0024494833778589964,0.03585711121559143,0.004625457804650068,0.05265718325972557,0.0043291253969073296,0.05108745023608208,0.005764971021562815,0.05970367044210434,0.004441358149051666,0.050403181463479996
1.0,0.00048051957855932415,0.020701123401522636,1.0,6.502912583528087e-05,0.008643588982522488,0.0016428828239440918,0.03132914379239082,0.0010589433368295431,0.025033265352249146,0.003078679321333766,0.04280221462249756,0.0027980541344732046,0.039424359798431396,0.004933316260576248,0.053789205849170685,0.0044439975172281265,0.05133968964219093,0.005962512921541929,0.061074014753103256,0.004880781285464764,0.053221695125103
1.0,0.0005347194382920861,0.019885176792740822,1.0,0.00019490827980916947,0.006849200930446386,0.0013785258634015918,0.029365776106715202,0.0011261185863986611,0.025865163654088974,0.002382615813985467,0.03698742017149925,0.0017670326633378863,0.030479563400149345,0.004829293582588434,0.053517989814281464,0.004426777828484774,0.051555778831243515,0.005422376096248627,0.05778031051158905,0.004672011360526085,0.05196237191557884
1.0,0.0007681603892706335,0.01992608793079853,1.0,0.0001135926358983852,0.007439918350428343,0.0016723573207855225,0.031284455209970474,0.001272495137527585,0.02674654684960842,0.0025956141762435436,0.039504047483205795,0.0017858584178611636,0.03269008919596672,0.004640399944037199,0.052816540002822876,0.00422871857881546,0.050221823155879974,0.005744151771068573,0.0601334422826767,0.00454465439543128,0.05146322771906853
1.0,0.0003054731641896069,0.01872582547366619,1.0,9.860735008260235e-05,0.006811875384300947,0.0012226022081449628,0.026961417868733406,0.0012722183018922806,0.02690885029733181,0.0024049170315265656,0.0374314971268177,0.0018135299906134605,0.03287840262055397,0.004526718985289335,0.051355596631765366,0.003703930415213108,0.04698595777153969,0.005390156991779804,0.05800018087029457,0.004799544811248779,0.05236503481864929
1.0,0.00046023406321182847,0.018681690096855164,1.0,6.178933108458295e-05,0.007393296342343092,0.0018887938931584358,0.03442608565092087,0.001279291813261807,0.028644423931837082,0.002537837717682123,0.039046067744493484,0.0016255833907052875,0.03052366152405739,0.00422641122713685,0.0504455529153347,0.004050613380968571,0.04919920861721039,0.005502352025359869,0.058823857456445694,0.004442078061401844,0.050311386585235596
1.0,0.000390397384762764,0.018616218119859695,1.0,8.962970605352893e-05,0.008145357482135296,0.00183597591239959,0.034025002270936966,0.0016855142312124372,0.03152281418442726,0.002439372008666396,0.03869714215397835,0.002094866009429097,0.03289945051074028,0.004363066982477903,0.051474429666996,0.003915482200682163,0.04854457080364227,0.005522117484360933,0.058480896055698395,0.004425156395882368,0.04987727478146553
1.0,0.0003068071964662522,0.019436856731772423,1.0,5.5937940487638116e-05,0.0074038258753716946,0.0016492464346811175,0.0317930169403553,0.0011799792991951108,0.026170793920755386,0.002512209117412567,0.0388336256146431,0.002006452763453126,0.03499976918101311,0.004763269796967506,0.053781475871801376,0.004552049562335014,0.051352739334106445,0.005325350910425186,0.0580332949757576,0.004489379469305277,0.050453707575798035
1.0,0.00029400771018117666,0.017278192564845085,1.0,4.960383375873789e-05,0.006119122263044119,0.0012550096726045012,0.02730880305171013,0.001156272948719561,0.0252809040248394,0.0020018755458295345,0.03435288742184639,0.0016563598765060306,0.031023232266306877,0.003905822755768895,0.04921094328165054,0.004055354744195938,0.048884473741054535,0.005110965576022863,0.05622047558426857,0.0039120446890592575,0.04857355356216431
1.0,0.0003361405979376286,0.017830055207014084,1.0,9.890048386296257e-05,0.00693423580378294,0.0015840043779462576,0.03054461069405079,0.0012433232041075826,0.026569131761789322,0.0020318024326115847,0.03553052619099617,0.001976203406229615,0.03478311002254486,0.004330839030444622,0.05057086423039436,0.003959640394896269,0.047438494861125946,0.0050815013237297535,0.055860865861177444,0.004121930804103613,0.04851164296269417
1.0,0.00031346690957434475,0.017780570313334465,1.0,6.22964435024187e-05,0.005525522865355015,0.0013378433650359511,0.027301598340272903,0.0009105942444875836,0.02318238839507103,0.001934897736646235,0.03436163812875748,0.0012798920506611466,0.027709169313311577,0.004276982508599758,0.05128316208720207,0.003976982552558184,0.048911210149526596,0.0051298136822879314,0.056310441344976425,0.00408332422375679,0.04848101735115051
1.0,0.0003113425336778164,0.017760176211595535,1.0,4.8300327762262896e-05,0.006692259106785059,0.00136557687073946,0.028854358941316605,0.0014537929091602564,0.030041461810469627,0.002164728008210659,0.03710673004388809,0.001659860135987401,0.03157847747206688,0.004317131359130144,0.05102338641881943,0.003948592115193605,0.04859603941440582,0.005260422360152006,0.057697027921676636,0.003922686912119389,0.047968000173568726
1.0,0.00026747467927634716,0.01687072031199932,1.0,8.889832679415122e-05,0.006323307286947966,0.0017033240292221308,0.03334365040063858,0.0009557814919389784,0.024078071117401123,0.002123157260939479,0.035718679428100586,0.0014521453995257616,0.02907402440905571,0.003991564270108938,0.049415018409490585,0.0036751676816493273,0.046261027455329895,0.004991658963263035,0.05588194727897644,0.003944855183362961,0.04814082384109497
1.0,0.00025011631078086793,0.01702314056456089,1.0,6.62928432575427e-05,0.005176653154194355,0.0011354502057656646,0.026346689090132713,0.0010176540818065405,0.025248626247048378,0.0015663227532058954,0.030698124319314957,0.0013909329427406192,0.029123807325959206,0.0040382626466453075,0.04939083755016327,0.0037442962639033794,0.04620882868766785,0.004868050571531057,0.05511607602238655,0.004122412297874689,0.04906069487333298
1.0,0.00028309100889600813,0.016742266714572906,1.0,5.4649201047141105e-05,0.005960040260106325,0.001301375450566411,0.02811005711555481,0.0008965497836470604,0.022702425718307495,0.0019193218322470784,0.03373004123568535,0.0017881449311971664,0.03201019763946533,0.004075875040143728,0.05018765106797218,0.003614595625549555,0.04667908698320389,0.004771827720105648,0.0544109046459198,0.003996873740106821,0.047261305153369904
1.0,0.0002758112968876958,0.016697507351636887,1.0,0.00015428492042701691,0.005709662567824125,0.0013404082274064422,0.028462471440434456,0.0009122859337367117,0.023024490103125572,0.0016914817970246077,0.03229247406125069,0.001611201441846788,0.030956823378801346,0.0040712784975767136,0.049802232533693314,0.0036449905019253492,0.04669375717639923,0.004592759069055319,0.053228043019771576,0.004112666472792625,0.04825408011674881
1.0,0.00026617952971719205,0.01674642413854599,1.0,3.843695594696328e-05,0.005514275748282671,0.001248275162652135,0.027413329109549522,0.0009749861201271415,0.02369716763496399,0.0019253544742241502,0.03513677790760994,0.0013272239593788981,0.02846023067831993,0.004166103433817625,0.050251007080078125,0.003680218942463398,0.04707248508930206,0.0046905274502933025,0.054128412157297134,0.003943393938243389,0.04803379252552986
1.0,0.00022040199837647378,0.016805380582809448,1.0,4.073538730153814e-05,0.005957203451544046,0.0012521123280748725,0.02819717302918434,0.001210286864079535,0.027155576273798943,0.0017458165530115366,0.032159190624952316,0.0017082515405490994,0.031813450157642365,0.003833579597994685,0.048258040100336075,0.0038737207651138306,0.04834679141640663,0.004994222894310951,0.05581841617822647,0.0038834516890347004,0.04798239842057228
1.0,0.00023957582016009837,0.01636006496846676,1.0,4.5868626330047846e-05,0.005648416467010975,0.0011762842768803239,0.02649621292948723,0.0008769394480623305,0.02296486869454384,0.002261949237436056,0.037666819989681244,0.001287374529056251,0.027152657508850098,0.004131690599024296,0.04929754510521889,0.0036100782454013824,0.04551446810364723,0.004505776334553957,0.052903659641742706,0.003872944973409176,0.04756396263837814
1.0,0.000255037157330662,0.016068100929260254,1.0,4.1460942156845704e-05,0.00541349221020937,0.001385684940032661,0.029839837923645973,0.0009975210996344686,0.023964205756783485,0.0017181715229526162,0.03238287568092346,0.0012706543784588575,0.026451926678419113,0.003889204701408744,0.04830848425626755,0.0036551975645124912,0.04613104462623596,0.004633092787116766,0.0534433089196682,0.003635568078607321,0.045970264822244644
1.0,0.00017870435840450227,0.01571185141801834,1.0,5.123753726365976e-05,0.005274730268865824,0.001155707286670804,0.026745980605483055,0.0011300825281068683,0.026278549805283546,0.0017735318979248405,0.03292037919163704,0.0011641703313216567,0.026685873046517372,0.003698701038956642,0.04707293212413788,0.0036226417869329453,0.04547135531902313,0.004506642464548349,0.05278535187244415,0.0037051604595035315,0.04603004828095436
1.0,0.0005521479761227965,0.016847146674990654,1.0,9.938416042132303e-05,0.006828674580901861,0.0016812494723126292,0.03015502169728279,0.0014288377715274692,0.028614113107323647,0.0016413042321801186,0.03160819038748741,0.0019778995774686337,0.03405360132455826,0.00410436000674963,0.04931782931089401,0.0033930945210158825,0.04502062872052193,0.005174401216208935,0.056174229830503464,0.0036231407430022955,0.04648561403155327
1.0,0.0006432587979361415,0.017914535477757454,1.0,2.9212622393970378e-05,0.005272362381219864,0.0012702678795903921,0.028477715328335762,0.0010327543132007122,0.024547791108489037,0.0016160958912223577,0.03115127980709076,0.0013240318512544036,0.02743505872786045,0.004112299997359514,0.04958541691303253,0.004028523340821266,0.04878612607717514,0.005097339861094952,0.05614009499549866,0.0040331133641302586,0.048076096922159195
1.0,0.00016715307720005512,0.01661125011742115,1.0,6.45852560410276e-05,0.005034920293837786,0.0012950132368132472,0.028355972841382027,0.0009753754711709917,0.02419174835085869,0.0015613613650202751,0.029694171622395515,0.001138585270382464,0.026261135935783386,0.003826627042144537,0.0479305200278759,0.003515375778079033,0.045605696737766266,0.005062439013272524,0.056074343621730804,0.00403965450823307,0.04856979474425316
1.0,0.00021805129654239863,0.016211485490202904,1.0,5.247538865660317e-05,0.004912417847663164,0.0012039098655804992,0.02773568406701088,0.0007338366704061627,0.020979106426239014,0.0014169523492455482,0.029275620356202126,0.0015052444068714976,0.030269581824541092,0.0037785235326737165,0.04765283316373825,0.003613880602642894,0.04604373872280121,0.004888603929430246,0.05511763319373131,0.0037124264054000378,0.04636521264910698
1.0,0.0004067042318638414,0.01628025434911251,1.0,3.300919343018904e-05,0.005359244532883167,0.0013667132006958127,0.029027411714196205,0.0009795015212148428,0.02447076141834259,0.0014478580560535192,0.029090674594044685,0.0015321631217375398,0.02951626479625702,0.003776188939809799,0.047938182950019836,0.00374538148753345,0.04738263413310051,0.004465350415557623,0.052543021738529205,0.0038866244722157717,0.04731965810060501
0.9923245906829834,0.03259267657995224,0.05772846192121506,0.90625,0.3417169153690338,0.3839605450630188,0.0109787592664361,0.07156138122081757,0.007821671664714813,0.062395934015512466,0.011488789692521095,0.07929142564535141,0.011954422108829021,0.07503589242696762,0.005905538331717253,0.058224376291036606,0.00525543000549078,0.0543530099093914,0.00728942546993494,0.06337028741836548,0.0066853840835392475,0.058774907141923904
0.7790570259094238,0.7689212560653687,0.9079223871231079,0.8549107313156128,0.45101863145828247,0.5387278199195862,0.02108006738126278,0.11254937946796417,0.020278742536902428,0.10340047627687454,0.02516835369169712,0.11891759932041168,0.021182015538215637,0.10188751667737961,0.035734184086322784,0.14068898558616638,0.034403957426548004,0.13455289602279663,0.03822518140077591,0.15264372527599335,0.030637584626674652,0.13007858395576477
0.9073464870452881,0.32502618432044983,0.41772139072418213,0.9553571343421936,0.14522911608219147,0.20203110575675964,0.013594609685242176,0.07640775293111801,0.015830568969249725,0.07392124086618423,0.014282241463661194,0.08862369507551193,0.013094587251543999,0.0767722800374031,0.021734829992055893,0.10833556950092316,0.022687524557113647,0.1040964424610138,0.027400989085435867,0.12704823911190033,0.020871857181191444,0.10541858524084091
0.9616228342056274,0.12649235129356384,0.19186724722385406,0.9866071343421936,0.03823547437787056,0.0753779336810112,0.009045951999723911,0.06592132896184921,0.006644500885158777,0.05539797991514206,0.0126744220033288,0.08561230450868607,0.00877759326249361,0.06469476968050003,0.015693973749876022,0.08878280222415924,0.015145660378038883,0.08694110810756683,0.018400752916932106,0.10289142280817032,0.016134530305862427,0.08902272582054138
0.9890350699424744,0.04470013082027435,0.09669097512960434,1.0,0.003222245955839753,0.029106078669428825,0.006377021782100201,0.05745524540543556,0.005339161492884159,0.05217943340539932,0.008974387310445309,0.07273339480161667,0.0051932623609900475,0.05268022045493126,0.012043657712638378,0.08009679615497589,0.01220796536654234,0.07799040526151657,0.01532597467303276,0.09382648020982742,0.012413248419761658,0.0820813775062561
0.9950658082962036,0.019679607823491096,0.06519435346126556,0.9955357313156128,0.01110863871872425,0.030921442434191704,0.004838170949369669,0.051203347742557526,0.004275054205209017,0.04771442338824272,0.005993160884827375,0.059296876192092896,0.0047064186073839664,0.04977954179048538,0.010565868578851223,0.07500191777944565,0.010150597430765629,0.07307437062263489,0.013433151878416538,0.08728001266717911,0.011365138925611973,0.0767723023891449
0.9884868264198303,0.03521840646862984,0.07405048608779907,0.9910714030265808,0.015321344137191772,0.03829588368535042,0.004715744871646166,0.05003724247217178,0.0036538406275212765,0.043604325503110886,0.008637679740786552,0.06713937968015671,0.005967274773865938,0.05369620770215988,0.010344179347157478,0.07373546808958054,0.008444167673587799,0.06821414083242416,0.010581529699265957,0.0796307772397995,0.009462200105190277,0.07114589959383011
0.9884868264198303,0.0383782833814621,0.08046536892652512,0.9888392686843872,0.07251133024692535,0.09833090752363205,0.005389268975704908,0.05316093936562538,0.005227918736636639,0.050624050199985504,0.008539089933037758,0.06744689494371414,0.006663292646408081,0.061317890882492065,0.009569324553012848,0.07137678563594818,0.009357350878417492,0.06860847771167755,0.012949185445904732,0.08574169874191284,0.010211221873760223,0.07326063513755798
0.9758771657943726,0.07379026710987091,0.12203764170408249,0.9933035969734192,0.017695607617497444,0.0414167083799839,0.006472117267549038,0.05775732547044754,0.004233578220009804,0.04704020544886589,0.006970577873289585,0.06275960057973862,0.006044828332960606,0.057335786521434784,0.011407616548240185,0.07718121260404587,0.010428342036902905,0.07330326735973358,0.015419550240039825,0.09327011555433273,0.010991852730512619,0.07553752511739731
